{
    "ssd_model": {
        "elasped_time": {
            "avg": 0.5273056934230139,
            "count": 212
        },
        "fps": {
            "avg": 1.8887083508729288,
            "count": 212
        }
    },
    "retina_resnet50": {
        "elasped_time": {
            "avg": 19.14485461976793,
            "count": 16
        },
        "fps": {
            "avg": 0.04772221634138764,
            "count": 16
        }
    },
    "fasterrcnn_mobilenet": {
        "elasped_time": {
            "avg": 3.4976557978877323,
            "count": 46
        },
        "fps": {
            "avg": 0.28186944418481097,
            "count": 46
        }
    },
    "fcos_resnet50": {
        "elasped_time": {
            "avg": 17.011849017370313,
            "count": 15
        },
        "fps": {
            "avg": 0.05335147856388157,
            "count": 15
        }
    }
}